1,Pirates of the Caribbean: At World's End
2,John Carter
3,Pirates of the Caribbean: Dead Man's Chest
4,The Chronicles of Narnia: Prince Caspian
5,Pirates of the Caribbean: On Stranger Tides
6,Monsters University
7,Oz: The Great and Powerful
8,TRON: Legacy
9,Cars 2
10,Toy Story 3
11,Prince of Persia: The Sands of Time
12,WALLÂ·E
13,The Chronicles of Narnia: The Lion
14,Monsters vs Aliens
15,The Jungle Book
16,Shrek Forever After
17,Tomorrowland
18,Big Hero 6
19,Wreck-It Ralph
20,How to Train Your Dragon
21,ã‚·ãƒ³ãƒ»ã‚´ã‚¸ãƒ©
22,The Hunger Games: Mockingjay - Part 2
23,The Sorcerer's Apprentice
24,Alice Through the Looking Glass
25,Shrek the Third
26,Madagascar: Escape 2 Africa
27,G-Force
28,Mission: Impossible - Rogue Nation
29,Bee Movie
30,Kung Fu Panda 2
31,Mars Needs Moms
32,Flushed Away
33,Mr. Peabody & Sherman
34,Madagascar 3: Europe's Most Wanted
35,Kung Fu Panda 3
36,Mission: Impossible - Ghost Protocol
37,Rise of the Guardians
38,How to Train Your Dragon 2
39,Final Fantasy: The Spirits Within
40,The Twilight Saga: Breaking Dawn - Part 2
41,Happy Feet Two
42,The BFG
43,Penguins of Madagascar
44,The Adventures of Tintin
45,Harry Potter and the Prisoner of Azkaban
46,Megamind
47,Harry Potter and the Philosopher's Stone
48,The Hunger Games: Mockingjay - Part 1
49,How the Grinch Stole Christmas
50,4: Rise of the Silver Surfer
51,Charlie's Angels: Full Throttle
52,Star Wars: Episode III - Revenge of the Sith
53,Star Wars: Episode II - Attack of the Clones
54,Star Wars: Episode I - The Phantom Menace
55,AstÃ©rix aux Jeux Olympiques
56,The Huntsman: Winter's War
57,Dante's Peak
58,Ocean's Twelve
59,Insurgent
60,Gulliver's Travels
61,The Smurfs
62,Allegiant
63,The Smurfs 2
64,Ender's Game
65,The Princess and the Frog
66,Gone in Sixty Seconds
67,The Taking of Pelham 1 2 3
68,The Emperor's New Groove
69,National Treasure
70,Legend of the Guardians: The Owls of Ga'Hoole
71,Treasure Planet
72,The Peanuts Movie
73,é‡‘é™µåä¸‰é‡µ
74,Surf's Up
75,Ice Age: Continental Drift
76,Finding Nemo
77,Seventh Son
78,The Incredibles
79,Toy Story 2
80,Cloudy with a Chance of Meatballs
81,Ice Age: Dawn of the Dinosaurs
82,Charlie's Angels
83,Die Hard: With a Vengeance
84,Atlantis: The Lost Empire
85,Alvin and the Chipmunks: The Road Chip
86,You Don't Mess with the Zohan
87,The Haunted Mansion
88,Lara Croft Tomb Raider: The Cradle of Life
89,The Devil's Own
90,The Nutcracker: The Untold Story
91,Happy Feet
92,Ocean's Eleven
93,102 Dalmatians
94,It's Complicated
95,Ocean's Thirteen
96,Last Action Hero
97,Arthur Christmas
98,Cats & Dogs 2 : The Revenge of Kitty Galore
99,Over the Hedge
100,Lilo & Stitch
101,Charlotte's Web
102,Alvin and the Chipmunks: Chipwrecked
103,Something's Gotta Give
104,Flubber
105,Spirit: Stallion of the Cimarron
106,DÃ©jÃ  Vu
107,Hotel Transylvania 2
108,Fantasia 2000
109,Ã‰volution
110,Walking With Dinosaurs
111,Arthur et les Minimoys
112,Don Gato: El inicio de la pandilla
113,Cloudy with a Chance of Meatballs 2
114,The Adventures of Rocky & Bullwinkle
115,Despicable Me 2
116,Ice Age: The Meltdown
117,Charlie Wilson's War
118,Shark Tale
119,Monster House
120,Titan A.E.
121,Fool's Gold
122,The Simpsons Movie
123,Deux frÃ¨res
124,Shrek 2
125,AVP: Alien vs. Predator
126,Alvin and the Chipmunks: The Squeakquel
127,The Monuments Men
128,Hart's War
129,Osmosis Jones
130,Legends of Oz: Dorothy's Return
131,Despicable Me
132,The X Files
133,Les MisÃ©rables
134,You've Got Mail
135,å¤©å°‡é›„å¸«
136,Chicken Little
137,The General's Daughter
138,The Prince of Egypt
139,Antz
140,Michael Jackson's This Is It
141,Coraline
142,The Shaggy Dog
143,ParaNorman
144,The Tale of Despereaux
145,Alien: Resurrection
146,The Boxtrolls
147,Practical Magic
148,The Lego Movie
149,My Favorite Martian
150,Planet 51
151,Garfield: A Tail of Two Kitties
152,xXx: State of the Union
153,Sinbad: Legend of the Seven Seas
154,Winter's Tale
155,Edtv
156,In the Name of the King: A Dungeon Siege Tale
157,è¥¿æ¸¸è®°ä¹‹å­™æ‚Ÿç©ºä¸‰æ‰“ç™½éª¨ç²¾
158,Just Like Heaven
159,The Devil's Advocate
160,That's My Boy
161,DragonHeart
162,Captain Corelli's Mandolin
163,The Pacifier
164,Alvin and the Chipmunks
165,Kill Bill: Vol. 1
166,Kill Bill: Vol. 2
167,Mr. Popper's Penguins
168,Free Birds
169,AlienÂ³
170,Ã†on Flux
171,Muppets Most Wanted
172,Un long dimanche de fianÃ§ailles
173,The Godfather: Part III
174,All the King's Men
175,Grindhouse
176,Valentine's Day
177,Shrek
178,Super 8
179,How to Lose a Guy in 10 Days
180,Daddy's Home
181,Into the Woods
182,Garfield
183,Race to Witch Mountain
184,Herbie Fully Loaded
185,Don't Say a Word
186,The Book of Life
187,Baby's Day Out
188,1947: Earth
189,Ð¡Ð¾Ð»ÑÑ€Ð¸Ñ
190,Happily N'Ever After
191,My Best Friend's Wedding
192,America's Sweethearts
193,Scary Movie 3
194,The Princess Diaries 2: Royal Engagement
195,A Bug's Life
196,The Hitchhiker's Guide to the Galaxy
197,The Ant Bully
198,æ»¿åŸŽç›¡å¸¶é»ƒé‡‘ç”²
199,Big Trouble
200,Heaven's Gate
201,Chicken Run
202,BrÃ¼no
203,è‹±é›„
204,The Warrior's Way
205,Micmacs Ã  tire-larigot
206,Pourquoi j'ai pas mangÃ© mon pÃ¨re
207,A Knight's Tale
208,American Hustle
209,The Proposal
210,Double Jeopardy
211,Back to the Future Part II
212,Spy Kids 3-D: Game Over
213,He's Just Not That Into You
214,Back to the Future Part III
215,Eight Below
216,Big Momma's House 2
217,The Other Woman
218,The Final Destination
219,The Count of Monte Cristo
220,The Lincoln Lawyer
221,The Odd Life of Timothy Green
222,Aliens vs Predator: Requiem
223,RiÂ¢hie RiÂ¢h
224,Extremely Loud & Incredibly Close
225,Get Rich or Die Tryin'
226,Quest for Camelot
227,City By The Sea
228,City Hall
229,Lo imposible
230,Le fabuleux destin d'AmÃ©lie Poulain
231,FearDotCom
232,Cirque du Freak: The Vampire's Assistant
233,Universal Soldier: The Return
234,æŠ•åç‹€
235,Un monstre Ã  Paris
236,The Time Traveler's Wife
237,Frankenweenie
238,Chi bi
239,Star Trek: Generations
240,ä¸€ä»£å®—å¸«
241,Dragon Nest: Warriors' Dawn
242,Precious
243,What to Expect When You're Expecting
244,Burn After Reading
245,Nim's Island
246,We're the Millers
247,Obitaemyy Ostrov
248,Isn't She Great
249,è‘‰å•3
250,Secretariat
251,TMNT
252,Neighbors 2: Sorority Rising
253,Saving Mr. Banks
254,Old Dogs
255,The Back-Up Plan
256,The Pianist
257,The X Files: I Want to Believe
258,Bound by Honor
259,Smilla's Sense of Snow
260,Le Hussard sur le toit
261,å´–ã®ä¸Šã®ãƒãƒ‹ãƒ§
262,The Astronaut's Wife
263,Big Momma's House
264,The House of Magic
265,Step Up Revolution
266,Goal!: The Dream Begins
267,Return of the Jedi
268,Snow Dogs
269,Big Mommas: Like Father
270,The Young and Prodigious T.S. Spivet
271,Dreamer: Inspired By a True Story
272,ë””ì›Œ
273,Cats Don't Dance
274,Cradle Will Rock
275,Mr. Holland's Opus
276,The Princess Diaries
277,Se7en
278,The SpongeBob SquarePants Movie
279,Hannah Montana: The Movie
280,Rugrats in Paris: The Movie
281,Four Brothers
282,The Nut Job
283,The Naked Gun 33â…“: The Final Insult
284,The Curse of the Were-Rabbit
285,Glory Road
286,Drag Me to Hell
287,Stranger Than Fiction
288,30 Days of Night
289,What's the Worst That Could Happen?
290,Little Black Book
291,Mr. 3000
292,Love & Other Drugs
293,The Last Stand
294,Hoodwinked Too! Hood VS. Evil
295,Barney's Version
296,Runner Runner
297,Wu Ji
298,è¾›äº¥é©å‘½
299,Le petit Nicolas
300,Konferenz der Tiere
301,Ð¡Ð°Ð²Ð²Ð°. Ð¡ÐµÑ€Ð´Ñ†Ðµ Ð²Ð¾Ð¸Ð½Ð°
302,Ripley's Game
303,Sausage Party
304,The Rugrats Movie
305,ã‚­ãƒ£ãƒ—ãƒ†ãƒ³ãƒãƒ¼ãƒ­ãƒƒã‚¯
306,Alexander and the Terrible
307,Le peuple migrateur
308,My Sister's Keeper
309,The Neverending Story
310,Freaky Friday
311,The 40 Year Old Virgin
312,EverAfter
313,New Year's Eve
314,Snow White: A Tale of Terror
315,Schindler's List
316,Teenage Mutant Ninja Turtles II: The Secret of the Ooze
317,Bridget Jones's Diary
318,GoodFellas
319,The Wild Thornberrys Movie
320,Rugrats Go Wild
321,Million Dollar Arm
322,She's the Man
323,Mr. Bean's Holiday
324,Don't Be Afraid of the Dark
325,The Greatest Game Ever Played
326,Angela's Ashes
327,Un Plan parfait
328,Say It Isn't So
329,The World's Fastest Indian
330,King's Ransom
331,La migliore offerta
332,The Bad Lieutenant: Port of Call - New Orleans
333,Sammy's avonturen: De geheime doorgang
334,Les petits mouchoirs
335,La vÃ©ritable histoire du Chat BottÃ©
336,Ð‘ÐµÐ»ÐºÐ° Ð¸ Ð¡Ñ‚Ñ€ÐµÐ»ÐºÐ°. Ð—Ð²Ñ‘Ð·Ð´Ð½Ñ‹Ðµ ÑÐ¾Ð±Ð°ÐºÐ¸
337,ä¸€å€‹äººçš„æ­¦æž—
338,I Don't Know How She Does It
339,Meet the Deedles
340,The Thief and the Cobbler
341,ãƒã‚¦ãƒ«ã®å‹•ãåŸŽ
342,The Empire Strikes Back
343,The Naked Gun 2Â½: The Smell of Fear
344,Someone Like You...
345,Anywhere But Here
346,Marvin's Room
347,The End of the Affair
348,Coco avant Chanel
349,ChÃ©ri
350,åæœˆåœåŸŽ
351,There's Something About Mary
352,The Game Plan
353,Zwartboek
354,Joyeux NoÃ«l
355,Hit & Run
356,MoliÃ¨re
357,Metegol
358,Teenage Mutant Ninja Turtles III
359,eXistenZ
360,Wayne's World
361,Beverly Hills Chihuahua
362,Madea's Witness Protection
363,Return to Never Land
364,The Jungle Book 2
365,The Tigger Movie
366,Bill & Ted's Bogus Journey
367,The Black Hole
368,Vampires Suck
369,A Very Harold & Kumar Christmas
370,The World's End
371,She's Out of My League
372,Alpha and Omega
373,My Best Friend's Girl
374,Silent Hill: Revelation 3D
375,Pooh's Heffalump Movie
376,åŠŸå¤«
377,The Country Bears
378,Secret in Their Eyes
379,What's Your Number?
380,We're No Angels
381,Everybody's Fine
382,Doogal
383,I'm Not There.
384,ã‚‚ã®ã®ã‘å§«
385,Bon voyage
386,Can't Stop the Music
387,My All American
388,é»ƒçŸ³çš„å­©å­
389,Rapa Nui
390,é•·æ±Ÿä¸ƒè™Ÿ
391,Les Visiteurs 2 : Les Couloirs du temps
392,ä¸‰å›½ä¹‹è§é¾™å¸ç”²
393,Zambezia
394,à®°à®¾à®®à®¾à®©à¯à®œà®©à¯
395,Dwegons
396,Der Baader Meinhof Komplex
397,Thir13en Ghosts
398,Back to the Future
399,The Devil's Double
400,åƒã¨åƒå°‹ã®ç¥žéš ã—
401,é¢¨æš´
402,Won't Back Down
403,Adaptation.
404,é€ƒå‡ºç”Ÿå¤©
405,Borat: Cultural Learnings of America for Make Benefit Glorious Nation of Kazakhstan
406,Barbershop 2:  Back in Business
407,Nine 1/2 Weeks
408,ÐœÐ¾Ð½Ð³Ð¾Ð»
409,RockNRolla
410,Mao's Last Dancer
411,Das weisse Band
412,Salton Sea
413,Metallica: Through the Never
414,One Man's Hero
415,Let's Be Cops
416,Smokin' Aces
417,McFarland
418,The Adventures of Elmo in Grouchland
419,Brooklyn's Finest
420,Escobar: Paradise Lost
421,Chasseurs de dragons
422,Fur: An Imaginary Portrait of Diane Arbus
423,When Harry Met Sally...
424,El laberinto del fauno
425,Arn: Tempelriddaren
426,Jennifer's Body
427,My Stepmother is an Alien
428,Bienvenue chez les ch'tis
429,Hachi: A Dog's Tale
430,å§è™Žè—é¾™
431,The King's Speech
432,í•´ìš´ëŒ€
433,Coal Miner's Daughter
434,National Lampoon's Vacation
435,The Queen
436,Wag the Dog
437,The Lizzie McGuire Movie
438,What's Love Got to Do with It
439,Malibu's Most Wanted
440,Confessions of a Teenage Drama Queen
441,The Hills Have Eyes II
442,The November Man
443,VeggieTales: The Pirates Who Don't Do Anything
444,Barney's Great Adventure
445,Here On Earth
446,Peeples
447,Kiss Kiss Bang Bang
448,Blood and Chocolate
449,Felicia's Journey
450,Banlieue 13
451,Things to Do in Denver When You're Dead
452,åˆºå®¢è¶éš±å¨˜
453,Ð’Ð¾Ð·Ð²Ñ€Ð°Ñ‰ÐµÐ½Ð¸Ðµ
454,All The Queen's Men
455,AutÃ³mata
456,Dungeons & Dragons: Wrath of the Dragon God
457,Chiamatemi Francesco - Il Papa della gente
458,æ–°å®¿äº‹ä»¶
459,Elle s'appelait Sarah
460,Crocodile Dundee II
461,Cool Runnings
462,My Boss's Daughter
463,Le scaphandre et le papillon
464,Les herbes folles
465,å‰‘é›¨
466,The Caveman's Valentine
467,Der Untergang
468,Mar adentro
469,The Godfather: Part II
470,National Lampoon's Loaded Weapon 1
471,Child's Play 2
472,Resurrecting the Champ
473,La veuve de Saint-Pierre
474,ì¸ì²œìƒë¥™ìž‘ì „
475,La Guerre du feu
476,The Emperor's Club
477,The Land Before Time
478,íƒœê·¹ê¸° íœ˜ë‚ ë¦¬ë©°
479,Ernest et CÃ©lestine
480,Beavis and Butt-Head Do America
481,Time Bandits
482,The Muppet Christmas Carol
483,My Baby's Daddy
484,Tales from the Crypt: Demon Knight
485,Max Keeble's Big Move
486,How to Be a Player
487,åé¢åŸ‹ä¼
488,Two Lovers
489,Last Orders
490,ê´´ë¬¼
491,The Pursuit of D.B. Cooper
492,Ravenous
493,La grande bellezza
494,The Dangerous Lives of Altar Boys
495,Stoker
496,2046
497,Married Life
498,Ondine
499,Brother
500,Trade
501,SorstalansÃ¡g
502,Breakfast of Champions
503,ä¸‰æžªæ‹æ¡ˆæƒŠå¥‡
504,å—äº¬!å—äº¬!
505,å…”ä¾ ä¼ å¥‡
506,Heaven is for Real
507,Dancin' It's On
508,ã¾ã‚ã ã ã‚ˆ
509,ä¸‰åŸŽè®°
510,Star Wars
511,Doctor Zhivago
512,High School Musical 3: Senior Year
513,My Cousin Vinny
514,If I Stay
515,Drive Hard
516,St. Trinian's
517,History of the World: Part I
518,Woman in Gold
519,What's Eating Gilbert Grape
520,The Visual Bible: The Gospel of John
521,Return to the Blue Lagoon
522,Gli intoccabili
523,à¤•à¤­à¥€ à¤…à¤²à¤µà¤¿à¤¦à¤¾ à¤¨à¤¾ à¤•à¤¹à¤¨à¤¾
524,An Ideal Husband
525,The Last Days on Mars
526,There Goes My Baby
527,For Greater Glory - The True Story of Cristiada
528,La Famille BÃ©lier
529,Bring It On
530,She's All That
531,Saw IV
532,Madea's Family Reunion
533,The Mighty Ducks
534,Bill & Ted's Excellent Adventure
535,Recess: School's Out
536,Mad Max Beyond Thunderdome
537,The Boy
538,Devil
539,Friday After Next
540,Nick and Norah's Infinite Playlist
541,Can't Hardly Wait
542,Pete's Dragon
543,Sugar Hill
544,Mo' Better Blues
545,Kung Pow: Enter the Fist
546,"[{""iso_3166_1"": ""HK"", ""name"": ""Hong Kong""}, {""iso_3166_1"": ""US"", ""name"": ""United States of America""}]"
547,Hey Arnold! The Movie
548,Movie 43
549,Teacher's Pet
550,The Red Violin
551,The Straight Story
552,Io sono l'amore
553,Crash
554,Bamboozled
555,While We're Young
556,à¤•à¥ƒà¤·
557,Killer Joe
558,The Brothers Solomon
559,My Blueberry Nights
560,å°‘æž—è¶³çƒ
561,La femme de chambre du Titanic
562,World's Greatest Dad
563,Police Academy: Mission to Moscow
564,Cinco de Mayo: La Batalla
565,The Reef
566,White Noise 2: The Light
567,Hross Ã­ oss
568,Hai Marjawaan!
569,The Devil's Tomb
570,ì¢‹ì€ ë†ˆ
571,Nurse 3-D
572,It's a Mad
573,Into the Grizzly Maze
574,Fiddler on the Roof
575,Mine vaganti
576,Child's Play
577,Breakin' All the Rules
578,The Savages
579,ê³¡ì„±
580,Glee: The Concert Movie
581,à¸ªà¸¸à¸£à¸´à¹‚à¸¢à¹„à¸—
582,Due occhi diabolici
583,Flammen & Citronen
584,Red Riding: In the Year of Our Lord 1974
585,La Fille du RER
586,Star Wars: Clone Wars (Volume 1)
587,The Rose
588,HÃ¥kon HÃ¥konsen
589,ì‹¤ë¯¸ë„
590,Repo! The Genetic Opera
591,Kurtlar vadisi - Irak
592,Stand by Me
593,28 Days Later
594,On Her Majesty's Secret Service
595,New Nightmare
596,Bon Cop Bad Cop
597,Anomalisa
598,8 femmes
599,It's Kind of a Funny Story
600,The Secret of Kells
601,ã‚¢ã‚­ãƒ©
602,éžå¸¸å¹¸è¿
603,Green Street Hooligans: Underground
604,ç´…ç•ªå€
605,Loin des hommes
606,Betty Fisher et autres histoires
607,Die Welle
608,Logan's Run
609,Devil's Due
610,The Devil's Rejects
611,Alien Zone
612,"[{""iso_3166_1"": ""US"", ""name"": ""United States of America""}]"
613,Bride & Prejudice
614,Who's Your Caddy?
615,A Dog Of Flanders
616,Losin' It
617,March or Die
618,Les visiteurs
619,I Hope They Serve Beer in Hell
620,Ð¢Ñ€ÑƒÐ´Ð½Ð¾ Ð±Ñ‹Ñ‚ÑŒ Ð±Ð¾Ð³Ð¾Ð¼
621,Ca$h
622,Z é¢¨æš´
623,Ð¡Ð½ÐµÐ¶Ð½Ð°Ñ ÐºÐ¾Ñ€Ð¾Ð»ÐµÐ²Ð°
624,Alpha and Omega: The Legend of the Saw Tooth Cave
625,High School Musical 2
626,Aimee & Jaguar
627,Ricordati di me
628,Perrierâ€™s Bounty
629,Tropa de Elite
630,The Adventures of Huck Finn
631,Nirgendwo in Afrika
632,The Work and the Glory II: American Zion
633,Good bye
634,Mary Poppins
635,Caddyshack
636,National Lampoonâ€™s Van Wilder
637,ä¸€å€‹å¥½äºº
638,Dolphins and Whales: Tribes of the Ocean
639,Casa De Mi Padre
640,Goddess of Love
641,The Wild Bunch
642,La fleur du mal
643,L'Auberge espagnole
644,Oorlogswinter
645,Trade Of Innocents
646,à¸•à¹‰à¸¡à¸¢à¸³à¸à¸¸à¹‰à¸‡
647,[REC]Â²
648,Les Choristes
649,IrrÃ©versible
650,Hodejegerne
651, Ralph is considered something of a joke among peers until he decides to pull off a miracle that could save his mother
652,No se Aceptan Devoluciones
653,Freddy's Dead: The Final Nightmare
654,The Way Way Back
655,Doug's 1st Movie
656,As Above
657,Eve's Bayou
658,Y tu mamÃ¡ tambiÃ©n
659,April Fool's Day
660,Solomon and Sheba
661,Fifty Shades of Black
662,A Farewell to Arms
663,Les Invasions barbares
664,Force 10 from Navarone
665,Grandma's Boy
666,C'era una volta il West
667,Sea Rex 3D: Journey to a Prehistoric World
668,Des hommes et des dieux
669,Jekyll and Hyde ... Together Again
670,Atlas Shrugged Part III: Who is John Galt?
671,Tucker and Dale vs Evil
672,Decoys
673,Mientras duermes
674,Dead Like Me: Life After Death
675,Flying By
676,Christmas Eve
677,We Have Your Husband
678,Born Of War
679,Should've Been Romeo
680,Running Forever
681,Obsluhoval jsem anglickÃ©ho krÃ¡le
682,Let's Kill Ward's Wife
683,Pat Garrett & Billy the Kid
684,Camping Sauvage
685,Without Men
686,Le Nom des gens
687,Police Academy
688,Moby Dick
689,25th Hour
690,Bound
691,Moms' Night Out
692,Salvando al Soldado Perez
693,Karakter
694,ì¹œì ˆí•œ ê¸ˆìžì”¨
695,Nannerl
696,æ”¾â€§é€
697,Lilja 4-Ever
698,One Flew Over the Cuckoo's Nest
699,R.L. Stine's Monsterville: The Cabinet of Souls
700,ÐÐ¾Ñ‡Ð½Ð¾Ð¹ Ð´Ð¾Ð·Ð¾Ñ€
701,Porky's
702,Monster's Ball
703,Hansel and Gretel Get Baked
704,What the #$*! Do We (K)now!?
705,El orfanato
706,Let's Go to Prison
707,Four Rooms
708,Mirrormask
709,Los lunes al sol
710,Stake Land
711,Ð“ÐµÐ¾Ð³Ñ€Ð°Ñ„ Ð³Ð»Ð¾Ð±ÑƒÑ Ð¿Ñ€Ð¾Ð¿Ð¸Ð»
712,Hell's Angels
713,How to Fall in Love
714,Casa de Areia
715,The Nun's Story
716,She's the One
717,El secreto de sus ojos
718,La otra conquista
719,Trolljegeren
720,Ira & Abby
721,02:13
722,Time to Choose
723,In the Name of the King III
724,Lords of London
725,La Marche de l'empereur
726,Cidade de Deus
727,Jagten
728,Opposite Sex
729,Entre les murs
730,Rosemary's Baby
731,MarÃ­a
732,It's a Wonderful Life
733,å½’æ¥
734,A Nightmare on Elm Street Part 2: Freddy's Revenge
735,PokÃ©mon 3: The Movie
736,Spaced Invaders
737,Family Plot
738,Dave Chappelle's Block Party
739,Trippin'
740,Kama Sutra - A Tale of Love
741,DysFunktional Family
742,ì˜¬ë“œë³´ì´
743,Love's Abiding Joy
744,Brave New Girl
745,Tim and Eric's Billion Dollar Movie
746,Sommersturm
747,Just Looking
748,Open Road
749,They Came Together
750,30 Nights of Paranormal Activity With the Devil Inside the Girl With the Dragon Tattoo
751,Four Single Fathers
752,AWOL-72
753,Central do Brasil
754,Haute tension
755,Griff the Invisible
756,Unnatural
757,Hustle & Flow
758,Some Like It Hot
759,Ulee's Gold
760,Sardaarji
761,Rejsen til Saturn
762,Donovan's Reef
763,De jurk
764,Beer League
765,Los cronocrÃ­menes
766,ç–¯ç‹‚çš„èµ›è½¦
767,Singin' in the Rain
768,2016: Obama's America
769,Sur le seuil
770,Jesus' Son
771,Valley of the Heart's Delight
772,Anatomie
773,Sleep Dealer
774,Super
775,Christmas Mail
776,Thr3e
777,Go for It!
778,8 Days
779,Impact Point
780,There's Always Woodstock
781,Mi America
782,[REC]
783,Sharkskin
784,Everything You Always Wanted to Know About Sex *But Were Afraid to Ask
785,é†‰æ‹³äºŒ
786,Boys Don't Cry
787,Das Leben der Anderen
788,Les triplettes de Belleville
789,Gentleman's Agreement
790,Winter's Bone
791,Alexander's Ragtime Band
792,Vals Im Bashir
793,Meek's Cutoff
794,It's All Gone Pete Tong
795,24 7: Twenty Four Seven
796,The Last Five Years
797,Jerusalema
798,$upercapitalist
799,Rockaway
800,The Lady from Shanghai
801,No Man's Land: The Rise of Reeker
802,Die Schlangengrube und das Pendel
803,Straight A's
804,The Legend of Hell's Gate: An American Conspiracy
805,Walking with the Dead
806,River's Edge
807,Chacun sa nuit
808,à¤à¤¬à¥€à¤¸à¥€à¤¡à¥€
809,Dr. Strangelove or: How I Learned to Stop Worrying and Love the Bomb
810,El Crimen del Padre Amaro
811,à®µà®¾à®²à¯
812,The Greatest Movie Ever Sold
813,Hang 'em High
814,Deadline - U.S.A.
815,A Beginner's Guide to Snuff
816,Lola rennt
817,La misma luna
818,Dabba
819,You Can't Take It With You
820,Ø³ÙƒØ± Ø¨Ù†Ø§Øª
821,Ha-Buah
822,à¤¦à¤¿à¤² à¤œà¥‹ à¤­à¥€ à¤•à¤¹à¥‡
823,La sirÃ¨ne du Mississipi
824,Buffalo '66
825,Nueve Reinas
826,Me You and Five Bucks
827,Last I Heard
828,Wind Walkers
829,La niÃ±a santa
830,The Dog Lover
831,GirlHouse
832,La chambre bleue
833,House at the End of the Drive
834,Festen
835,VÆ°á»£t SÃ³ng
836,Eddie: The Sleepwalking Cannibal
837,Kurmanjan Datka. Queen of the Mountains
838,Neal 'n' Nikki
839,The 41â€“Yearâ€“Old Virgin Who Knocked Up Sarah Marshall and Felt Superbad About It
840,The Algerian
841,Los insÃ³litos peces gato
842,But I'm a Cheerleader
843,Il buono
844,Que Horas Ela Volta?
845,Down & Out With The Dolls
846,La Navaja De Don Juan
847,Crowsnest
848,The Wicked Within
849,Bleeding Hearts
850,Dead Man's Shoes
851,Sex With Strangers
852,Dracula: Pages from a Virgin's Diary
853,Faith Like Potatoes
854,Serbuan maut
855,The Dead Undead
856,The Vatican Exorcisms
857,God's Not Dead 2
858,Cry_Wolf
859,Gojira ni-sen mireniamu
860,The Broken Hearts Club: A Romantic Comedy
861,Jagal
862,Lisa Picard Is Famous
863,Antarctica: A Year on Ice
864,A LEGO Brickumentary
865,Hardflip
866,Chocolate: Deep Dark Secrets
867,The Last Big Thing
868,The Specials
869,Alone With Her
870,Sparkler
871,The Helix... Loaded
872,Loving Annabelle
873,Frat Party
874,The Party's Over
875,Childless
876,A escondidas
877,Doc Holliday's Revenge
878,A Fine Step
879,Charly
880,Food Chains
881,L!fe Happens
882,4 luni
883,The Horror Network Vol. 1
884,Fruitvale Station
885,Latter Days
886,Le bonheur d'Elza
887,Celeste & Jesse Forever
888,Ø¬Ø¯Ø§ÛŒÛŒ Ù†Ø§Ø¯Ø± Ø§Ø² Ø³ÛŒÙ…ÛŒÙ†
889,Crying with Laughter
890,Die BÃ¼chse der Pandora
891,Cama adentro
892,The Young Unknowns
893,DÃ¸d snÃ¸
894,Iraq for Sale: The War Profiteers
895,Safety Not Guaranteed
896,Il conformista
897,Rize
898,L.I.E. Long Island Expressway
899,The Sisterhood of Night
900,B-Girl
901,Half Nelson
902,The Hadza:  Last of the First
903,Arnolds Park
904,They Will Have to Kill Us First
905,Light from the Darkroom
906,MÃ©decin de campagne
907,The Maid's Room
908,A Hard Day's Night
909,The Harvest (La Cosecha)
910,Julija in Alfa Romeo
911,Faith Connections
912,To Save A Life
913,Sholem Aleichem: Laughing In The Darkness
914,ä¸ƒäººã®ä¾
915,Kita svajoniÅ³ komanda
916,Finishing The Game
917,ç–¯ç‹‚çš„çŸ³å¤´
918,The Outrageous Sophie Tucker
919,Girls Gone Dead
920,America Is Still the Place
921,El Rey de Najayo
922,Fight to the Finish
923,Alleluia! The Devil's Carnival
924,The Sound and the Shadow
925,Rodeo Girl
926,Born to Fly: Elizabeth Streb vs. Gravity
927,The Little Ponderosa Zoo
928,Straight Out of Brooklyn
929,Bloody Sunday
930,Diamond Ruff
931,Rise of the Entrepreneur: The Search for a Better Way
932,SÃ¥ som i himmelen
933,Monty Python and the Holy Grail
934,QuinceaÃ±era
935,...E tu vivrai nel terrore! L'aldilÃ 
936,Fabled
937,Viskningar och rop
938,Intolerance
939,ÎšÏ…Î½ÏŒÎ´Î¿Î½Ï„Î±Ï‚
940,Chacun Cherche Son Chat
941,Pierrot le fou
942,Ayurveda: Art of Being
943,Nothing But a Man
944,Midnight Cabaret
945,Anderson's Cross
946,Death Calls
947,The Incredibly True Adventure of Two Girls In Love
948,Amidst the Devil's Wings
949,Teeth and Blood
950,Sugar Town
951,The Motel
952,On the Outs
953,The Christmas Bunny
954,UnDivided
955,Horse Camp
956,Give Me Shelter
957,Per un pugno di dollari
958,Chats perchÃ©s
959,The Trials Of Darryl Hunt
960,Samantha: An American Girl Holiday
961,Theresa Is a Mother
962,Ø¨Ú†Ù‡â€ŒÙ‡Ø§ÛŒ Ø¢Ø³Ù…Ø§Ù†
963,She's Gotta Have It
964,Butterfly Girl
965,Lumea e a mea
966,Sweet Sweetback's Baadasssss Song
967,Perfect Cowboy
968,Heroes of Dirt
969,A Charlie Brown Christmas
970,Antarctic Edge: 70Â° South
971,Aroused
972,An American in Hollywood
973,The Blood of My Brother: A Story of Death in Iraq
974,Your Sister's Sister
975,A Dog's Breakfast
976,Une femme mariÃ©e: Suite de fragments d'un film tournÃ© en 1964
977,The Work and The Story
978,The Lost Skeleton of Cadavra
979,Dude Where's My Dog?
980,Cheap Thrills
981,Echo Dr.
982,The Past Is a Grotesque Animal
983,The Brain That Wouldn't Die
984,Hayride
985,The Call of Cthulhu
986,Bending Steel
987,The Image Revolution
988,A True Story
989,Smiling Fish & Goat On Fire
990,Dawn of the Crescent Moon
991,Raymond Did It
992,The Legend of God's Gun
993,Mutual Appreciation
994,Her Cry: La Llorona Investigation
995,Manito
996,Dutch Kills
997,Dry Spell
998,Backmask
999,Ø¯Ø§ÛŒØ±Ù‡
1000,ã‚­ãƒ¥ã‚¢
1001,On The Downlow
1002,Sanctuary: Quite a Conundrum
1003,Signed
